Model,GPUs,R2_Score,RMSE,MAE,Correlation,Direction_Accuracy_%,Test_Samples
LSTM,1,0.9774,0.000285,0.000145,0.9907,97.5,80
CNN 1D,1,0.9767,0.000273,0.000231,0.9915,62.4,80
CNN 1D,2,0.8967,0.000575,0.000424,0.9681,62.7,80
CNN 2D,1,0.9702,0.000309,0.000251,0.9924,62.4,80
CNN 2D,2,0.8522,0.000687,0.000584,0.9632,62.7,80
